evidence_type,subject,chain,block,chain_time_utc,metric,quantity,unit,denominator_or_assumption,public_locator,qualification
observed,Activity-selected Base borrower,Base,51851358,2026-09-27T06:54:23Z,Collateral,3038825.552941956775445158,USDe,Selected borrower 0x5afe2414f865cbc5ff4e25979996c5b1252e0002,/p/usde/research/2026-09-27-collateral-value-and-repayment-cash/#obs-base,"Provider-mediated observation at the included block. Not an executable withdrawal, current guarantee or ownership finding. Zero sampled balances do not establish total wealth or outside funding."
observed,Activity-selected Base borrower,Base,51851358,2026-09-27T06:54:23Z,Borrow shares,2669447754655058898,raw borrow shares,Not USDC; convert using the market totals and published virtual-share convention,/p/usde/research/2026-09-27-collateral-value-and-repayment-cash/#obs-base,"Provider-mediated observation at the included block. Not an executable withdrawal, current guarantee or ownership finding. Zero sampled balances do not establish total wealth or outside funding."
observed,Activity-selected Base borrower,Base,51851358,2026-09-27T06:54:23Z,Accepted collateral value,1,USDC per USDe,Ordinary oracle price; no exceptional-response assurance,/p/usde/research/2026-09-27-collateral-value-and-repayment-cash/#obs-base,"Provider-mediated observation at the included block. Not an executable withdrawal, current guarantee or ownership finding. Zero sampled balances do not establish total wealth or outside funding."
observed,Activity-selected Base borrower,Base,51851358,2026-09-27T06:54:23Z,Idle USDC,0,USDC,Only the token balance of the selected address,/p/usde/research/2026-09-27-collateral-value-and-repayment-cash/#obs-base,"Provider-mediated observation at the included block. Not an executable withdrawal, current guarantee or ownership finding. Zero sampled balances do not establish total wealth or outside funding."
observed,Activity-selected Base borrower,Base,51851358,2026-09-27T06:54:23Z,Idle USDe,0,USDe,Only the token balance of the selected address,/p/usde/research/2026-09-27-collateral-value-and-repayment-cash/#obs-base,"Provider-mediated observation at the included block. Not an executable withdrawal, current guarantee or ownership finding. Zero sampled balances do not establish total wealth or outside funding."
calculated from observed inputs,Activity-selected Base borrower,Base,51851358,2026-09-27T06:54:23Z,"Debt, rounded up",2704559.828740,USDC,ceil(borrow_shares*(market_borrow_assets_raw+1)/(market_borrow_shares+1000000))/1000000,/p/usde/research/2026-09-27-collateral-value-and-repayment-cash/#base-position,"Necessary fixed-input financial bound, not maxWithdraw or a prudent/executable equality. Permission, interest, rounding and inclusion can tighten it. Inner block 51851358; outer reader 51851359."
calculated from observed inputs,Activity-selected Base borrower,Base,51851358,2026-09-27T06:54:23Z,Health factor,1.028087954,ratio,Q * O * 0.915 / D; fixed recorded inputs,/p/usde/research/2026-09-27-collateral-value-and-repayment-cash/#base-position,"Necessary fixed-input financial bound, not maxWithdraw or a prudent/executable equality. Permission, interest, rounding and inclusion can tighten it. Inner block 51851358; outer reader 51851359."
calculated from observed inputs,Activity-selected Base borrower,Base,51851358,2026-09-27T06:54:23Z,No-repayment release bound at HF 1,83022.461423,USDe,"max(0,Q-D/(0.915*O)); display rounded",/p/usde/research/2026-09-27-collateral-value-and-repayment-cash/#base-position,"Necessary fixed-input financial bound, not maxWithdraw or a prudent/executable equality. Permission, interest, rounding and inclusion can tighten it. Inner block 51851358; outer reader 51851359."
calculated from observed inputs,Activity-selected Base borrower,Base,51851358,2026-09-27T06:54:23Z,No-repayment release bound at HF 1.01,53464.430508,USDe,"max(0,Q-1.01*D/(0.915*O)); display rounded",/p/usde/research/2026-09-27-collateral-value-and-repayment-cash/#base-position,"Necessary fixed-input financial bound, not maxWithdraw or a prudent/executable equality. Permission, interest, rounding and inclusion can tighten it. Inner block 51851358; outer reader 51851359."
calculated from observed inputs,Activity-selected Base borrower,Base,51851358,2026-09-27T06:54:23Z,Repayment before releasing 1000000 USDe,839034.447798,USDC,"max(0,D-0.915*O*(Q-1000000)); HF 1; display rounded",/p/usde/research/2026-09-27-collateral-value-and-repayment-cash/#base-position,"Necessary fixed-input financial bound, not maxWithdraw or a prudent/executable equality. Permission, interest, rounding and inclusion can tighten it. Inner block 51851358; outer reader 51851359."
observed,Selected Base market and vault,Base,51851215,2026-09-27T06:49:37Z,Market supply accounting,389552488.710380,USDC units,Selected market only,/p/usde/research/2026-09-27-collateral-value-and-repayment-cash/#obs-vault,"Market stored accrual time is 24 seconds earlier. Not exclusive cash, maxWithdraw, zero total vault liquidity or issuer-owned reserves. Other assets were not shown unusable."
observed,Selected Base market and vault,Base,51851215,2026-09-27T06:49:37Z,Market borrow accounting,350805225.729610,USDC units,Selected market only,/p/usde/research/2026-09-27-collateral-value-and-repayment-cash/#obs-vault,"Market stored accrual time is 24 seconds earlier. Not exclusive cash, maxWithdraw, zero total vault liquidity or issuer-owned reserves. Other assets were not shown unusable."
calculated from observed inputs,Selected Base market and vault,Base,51851215,2026-09-27T06:49:37Z,Nominal unborrowed difference,38747262.980770,USDC units,Stored supply minus stored borrow,/p/usde/research/2026-09-27-collateral-value-and-repayment-cash/#obs-vault,"Market stored accrual time is 24 seconds earlier. Not exclusive cash, maxWithdraw, zero total vault liquidity or issuer-owned reserves. Other assets were not shown unusable."
observed,Selected Base market and vault,Base,51851215,2026-09-27T06:49:37Z,Adapter expected assets,389252443.264506,USDC accounting units,Selected market claim through adapter 0x4a70dc70cef79f51cc7f79c08f863b2841311165,/p/usde/research/2026-09-27-collateral-value-and-repayment-cash/#obs-vault,"Market stored accrual time is 24 seconds earlier. Not exclusive cash, maxWithdraw, zero total vault liquidity or issuer-owned reserves. Other assets were not shown unusable."
observed,Selected Base market and vault,Base,51851215,2026-09-27T06:49:37Z,Vault total accounting assets,443573065.599209,USDC accounting units,Vault 0xbeeff2490feffa212fac2f6553682c219e6a8845,/p/usde/research/2026-09-27-collateral-value-and-repayment-cash/#obs-vault,"Market stored accrual time is 24 seconds earlier. Not exclusive cash, maxWithdraw, zero total vault liquidity or issuer-owned reserves. Other assets were not shown unusable."
calculated from observed inputs,Selected Base market and vault,Base,51851215,2026-09-27T06:49:37Z,Selected market share of vault,87.753850,percent,Adapter expected assets / vault accounting assets,/p/usde/research/2026-09-27-collateral-value-and-repayment-cash/#obs-vault,"Market stored accrual time is 24 seconds earlier. Not exclusive cash, maxWithdraw, zero total vault liquidity or issuer-owned reserves. Other assets were not shown unusable."
calculated from observed inputs,Selected Base market and vault,Base,51851215,2026-09-27T06:49:37Z,Adapter share of market supply shares,99.922974,percent,Adapter supply shares / all market supply shares; distinct denominator,/p/usde/research/2026-09-27-collateral-value-and-repayment-cash/#obs-vault,"Market stored accrual time is 24 seconds earlier. Not exclusive cash, maxWithdraw, zero total vault liquidity or issuer-owned reserves. Other assets were not shown unusable."
observed,Selected Base market and vault,Base,51851215,2026-09-27T06:49:37Z,Direct vault USDC,0,USDC,Token balance at vault address only,/p/usde/research/2026-09-27-collateral-value-and-repayment-cash/#obs-vault,"Market stored accrual time is 24 seconds earlier. Not exclusive cash, maxWithdraw, zero total vault liquidity or issuer-owned reserves. Other assets were not shown unusable."
calculated from observed inputs,Selected Base market and vault,Base,51851215,2026-09-27T06:49:37Z,Other vault accounting assets,54320622.334703,USDC accounting units,Vault total assets minus selected adapter expected assets,/p/usde/research/2026-09-27-collateral-value-and-repayment-cash/#obs-vault,"Market stored accrual time is 24 seconds earlier. Not exclusive cash, maxWithdraw, zero total vault liquidity or issuer-owned reserves. Other assets were not shown unusable."
observed-input calculation,Selected-market withdrawal comparison,Base,51851358,2026-09-27T06:54:23Z,Nominal unborrowed market assets,38772553.686476,USDC,"Supply minus borrowing in the borrower batch, not the earlier vault batch",/p/usde/research/2026-09-27-collateral-value-and-repayment-cash/#suppliers,Not an actual queue or full-vault withdrawal estimate. Late repayment does not reduce an earlier gap; a receivable and its cash realization count once.
hypothetical financial scenario,Selected-market withdrawal comparison,Base,51851358,2026-09-27T06:54:23Z,Assumed market withdrawal,50000000,USDC,Hypothetical demand; no other withdrawal or funding credited,/p/usde/research/2026-09-27-collateral-value-and-repayment-cash/#suppliers,Not an actual queue or full-vault withdrawal estimate. Late repayment does not reduce an earlier gap; a receivable and its cash realization count once.
hypothetical financial scenario,Selected-market withdrawal comparison,Base,51851358,2026-09-27T06:54:23Z,Gap without new arrivals,11227446.313524,USDC,50000000 - 38772553.686476,/p/usde/research/2026-09-27-collateral-value-and-repayment-cash/#suppliers,Not an actual queue or full-vault withdrawal estimate. Late repayment does not reduce an earlier gap; a receivable and its cash realization count once.
hypothetical financial scenario,Selected-market withdrawal comparison,Base,51851358,2026-09-27T06:54:23Z,Gap after timely full borrower repayment,8522886.484784,USDC,"Prior gap - 2704559.828740, only if independently funded and received before the deadline",/p/usde/research/2026-09-27-collateral-value-and-repayment-cash/#suppliers,Not an actual queue or full-vault withdrawal estimate. Late repayment does not reduce an earlier gap; a receivable and its cash realization count once.
observed,Aave configuration and prices,Ethereum,26067090,2026-09-27T06:45:59Z,sUSDe conversion,1.250123961253998765,USDe per sUSDe,convertToAssets for one share,/p/usde/research/2026-09-27-collateral-value-and-repayment-cash/#obs-aave,Not account-specific withdrawal or execution evidence. Normal financial consistency does not validate full price-source or authority protections.
observed,Aave configuration and prices,Ethereum,26067090,2026-09-27T06:45:59Z,sUSDe accepted price,1.24986783,USD per sUSDe,Established eight-decimal oracle convention,/p/usde/research/2026-09-27-collateral-value-and-repayment-cash/#obs-aave,Not account-specific withdrawal or execution evidence. Normal financial consistency does not validate full price-source or authority protections.
observed,Aave configuration and prices,Ethereum,26067090,2026-09-27T06:45:59Z,USDC accepted price,0.99989868,USD per USDC,Established eight-decimal oracle convention,/p/usde/research/2026-09-27-collateral-value-and-repayment-cash/#obs-aave,Not account-specific withdrawal or execution evidence. Normal financial consistency does not validate full price-source or authority protections.
observed,Aave configuration and prices,Ethereum,26067090,2026-09-27T06:45:59Z,USDT accepted price,0.99979512,USD per USDT,Established eight-decimal oracle convention,/p/usde/research/2026-09-27-collateral-value-and-repayment-cash/#obs-aave,Not account-specific withdrawal or execution evidence. Normal financial consistency does not validate full price-source or authority protections.
observed,Aave configuration and prices,Ethereum,26067090,2026-09-27T06:45:59Z,Staking cooldown,86400,seconds,"One parameter, not full exit duration",/p/usde/research/2026-09-27-collateral-value-and-repayment-cash/#obs-aave,Not account-specific withdrawal or execution evidence. Normal financial consistency does not validate full price-source or authority protections.
observed,Aave configuration and prices,Ethereum,26067090,2026-09-27T06:45:59Z,Base collateral origination LTV,0,percent,sUSDe base reserve configuration; not eMode,/p/usde/research/2026-09-27-collateral-value-and-repayment-cash/#obs-aave,Not account-specific withdrawal or execution evidence. Normal financial consistency does not validate full price-source or authority protections.
observed,Aave configuration and prices,Ethereum,26067090,2026-09-27T06:45:59Z,Base collateral liquidation threshold,75,percent,sUSDe base reserve configuration; not eMode,/p/usde/research/2026-09-27-collateral-value-and-repayment-cash/#obs-aave,Not account-specific withdrawal or execution evidence. Normal financial consistency does not validate full price-source or authority protections.
observed,Aave configuration and prices,Ethereum,26067090,2026-09-27T06:45:59Z,eMode category 2 origination LTV,90,percent,Category exists; no measured account assumed enabled,/p/usde/research/2026-09-27-collateral-value-and-repayment-cash/#obs-aave,Not account-specific withdrawal or execution evidence. Normal financial consistency does not validate full price-source or authority protections.
observed,Aave configuration and prices,Ethereum,26067090,2026-09-27T06:45:59Z,eMode category 2 liquidation threshold,92,percent,Category exists; no measured account assumed enabled,/p/usde/research/2026-09-27-collateral-value-and-repayment-cash/#obs-aave,Not account-specific withdrawal or execution evidence. Normal financial consistency does not validate full price-source or authority protections.
observed,Aave USDC reserve,Ethereum,26067103,2026-09-27T06:48:35Z,Direct loan-token cash,193631546.288602,USDC,Underlying balance at aToken address,/p/usde/research/2026-09-27-collateral-value-and-repayment-cash/#aave,"Reserve-wide, not exclusively for USDe borrowers or issuer reserves. Cash plus variable debt was not fully reconciled to claims; not a solvency ratio."
observed,Aave USDC reserve,Ethereum,26067103,2026-09-27T06:48:35Z,aToken claims,2401894951.869501,USDC units,Using underlying-token denomination,/p/usde/research/2026-09-27-collateral-value-and-repayment-cash/#aave,"Reserve-wide, not exclusively for USDe borrowers or issuer reserves. Cash plus variable debt was not fully reconciled to claims; not a solvency ratio."
calculated from observed inputs,Aave USDC reserve,Ethereum,26067103,2026-09-27T06:48:35Z,Direct cash / claims,8.061616,percent,Direct underlying cash / aToken supply,/p/usde/research/2026-09-27-collateral-value-and-repayment-cash/#aave,"Reserve-wide, not exclusively for USDe borrowers or issuer reserves. Cash plus variable debt was not fully reconciled to claims; not a solvency ratio."
observed,Aave USDT reserve,Ethereum,26067103,2026-09-27T06:48:35Z,Direct loan-token cash,180773683.137782,USDT,Underlying balance at aToken address,/p/usde/research/2026-09-27-collateral-value-and-repayment-cash/#aave,"Reserve-wide, not exclusively for USDe borrowers or issuer reserves. Cash plus variable debt was not fully reconciled to claims; not a solvency ratio."
observed,Aave USDT reserve,Ethereum,26067103,2026-09-27T06:48:35Z,aToken claims,2893470950.073975,USDT units,Using underlying-token denomination,/p/usde/research/2026-09-27-collateral-value-and-repayment-cash/#aave,"Reserve-wide, not exclusively for USDe borrowers or issuer reserves. Cash plus variable debt was not fully reconciled to claims; not a solvency ratio."
calculated from observed inputs,Aave USDT reserve,Ethereum,26067103,2026-09-27T06:48:35Z,Direct cash / claims,6.247641,percent,Direct underlying cash / aToken supply,/p/usde/research/2026-09-27-collateral-value-and-repayment-cash/#aave,"Reserve-wide, not exclusively for USDe borrowers or issuer reserves. Cash plus variable debt was not fully reconciled to claims; not a solvency ratio."
ordinary price view,Ethereum USDe/USDC pool,Ethereum,26067144,2026-09-27T06:56:47Z,USDC output for 100 USDe,99.986034,USDC,"Independent get_dy(0,1,input_USDe*10^18); output raw units / 10^6",/p/usde/research/2026-09-27-collateral-value-and-repayment-cash/#sized-sale,"Pool 0x02950460e2b9529d0e00284a5fa2d7bdf3fa4d72. Not a filled trade, sequential depth, future output, global price or Base liquidity."
ordinary price view,Ethereum USDe/USDC pool,Ethereum,26067144,2026-09-27T06:56:47Z,USDC output for 25000 USDe,24993.297413,USDC,"Independent get_dy(0,1,input_USDe*10^18); output raw units / 10^6",/p/usde/research/2026-09-27-collateral-value-and-repayment-cash/#sized-sale,"Pool 0x02950460e2b9529d0e00284a5fa2d7bdf3fa4d72. Not a filled trade, sequential depth, future output, global price or Base liquidity."
ordinary price view,Ethereum USDe/USDC pool,Ethereum,26067144,2026-09-27T06:56:47Z,USDC output for 100000 USDe,99923.537191,USDC,"Independent get_dy(0,1,input_USDe*10^18); output raw units / 10^6",/p/usde/research/2026-09-27-collateral-value-and-repayment-cash/#sized-sale,"Pool 0x02950460e2b9529d0e00284a5fa2d7bdf3fa4d72. Not a filled trade, sequential depth, future output, global price or Base liquidity."
ordinary price view,Ethereum USDe/USDC pool,Ethereum,26067144,2026-09-27T06:56:47Z,USDC output for 1000000 USDe,243084.492699,USDC,"Independent get_dy(0,1,input_USDe*10^18); output raw units / 10^6",/p/usde/research/2026-09-27-collateral-value-and-repayment-cash/#sized-sale,"Pool 0x02950460e2b9529d0e00284a5fa2d7bdf3fa4d72. Not a filled trade, sequential depth, future output, global price or Base liquidity."
hypothetical financial scenario,Outside-funded Aave unwind,Ethereum,,,Initial independent term funding,90000,Ethereum USDC,"Existence, admission and actual funding are assumed",/p/usde/research/2026-09-27-collateral-value-and-repayment-cash/#funded-unwind,No measured Aave account or committed facility. Frozen observations from different blocks are not an executable package. One day is not a service guarantee. Gas/extra fees excluded. Negative residual requires new funding.
hypothetical financial scenario,Outside-funded Aave unwind,Ethereum,,,Later sale proceeds,99923.537191,Ethereum USDC,Earlier 100000-USDe quote held fixed as a future-sale assumption,/p/usde/research/2026-09-27-collateral-value-and-repayment-cash/#funded-unwind,No measured Aave account or committed facility. Frozen observations from different blocks are not an executable package. One day is not a service guarantee. Gas/extra fees excluded. Negative residual requires new funding.
hypothetical financial scenario,Outside-funded Aave unwind,Ethereum,,,Simple annual interest,0.10,annual fraction,Illustrative term funding; actual days / 365,/p/usde/research/2026-09-27-collateral-value-and-repayment-cash/#funded-unwind,No measured Aave account or committed facility. Frozen observations from different blocks are not an executable package. One day is not a service guarantee. Gas/extra fees excluded. Negative residual requires new funding.
hypothetical financial scenario,Outside-funded Aave unwind,Ethereum,,,One-day interest,24.657534,Ethereum USDC,90000*0.10/365; display rounded,/p/usde/research/2026-09-27-collateral-value-and-repayment-cash/#funded-unwind,No measured Aave account or committed facility. Frozen observations from different blocks are not an executable package. One day is not a service guarantee. Gas/extra fees excluded. Negative residual requires new funding.
hypothetical financial scenario,Outside-funded Aave unwind,Ethereum,,,One-day lender obligation,90024.657534,Ethereum USDC,Principal plus interest; display rounded,/p/usde/research/2026-09-27-collateral-value-and-repayment-cash/#funded-unwind,No measured Aave account or committed facility. Frozen observations from different blocks are not an executable package. One day is not a service guarantee. Gas/extra fees excluded. Negative residual requires new funding.
hypothetical financial scenario,Outside-funded Aave unwind,Ethereum,,,One-day borrower residual,9898.879657,Ethereum USDC,Assumed sale minus lender obligation; display rounded,/p/usde/research/2026-09-27-collateral-value-and-repayment-cash/#funded-unwind,No measured Aave account or committed facility. Frozen observations from different blocks are not an executable package. One day is not a service guarantee. Gas/extra fees excluded. Negative residual requires new funding.
hypothetical financial scenario,Outside-funded Aave unwind,Ethereum,,,Three-day borrower residual,9849.564588,Ethereum USDC,Same sale; 90000*0.10*3/365 interest,/p/usde/research/2026-09-27-collateral-value-and-repayment-cash/#funded-unwind,No measured Aave account or committed facility. Frozen observations from different blocks are not an executable package. One day is not a service guarantee. Gas/extra fees excluded. Negative residual requires new funding.
hypothetical financial scenario,Outside-funded Aave unwind,Ethereum,,,Large same-route additional funding,657162.082643,Ethereum USDC,900000 + 900000*0.10/365 - 243084.492699; hypothetical 1000000-USDe sale,/p/usde/research/2026-09-27-collateral-value-and-repayment-cash/#funded-unwind,No measured Aave account or committed facility. Frozen observations from different blocks are not an executable package. One day is not a service guarantee. Gas/extra fees excluded. Negative residual requires new funding.
observed,Active PT lending comparison,Ethereum,26067145,2026-09-27T06:56:59Z,Maturity,2026-11-26T00:00:00Z,UTC,PT-sUSDE-26NOV2026 expiry,/p/usde/research/2026-09-27-collateral-value-and-repayment-cash/#obs-pt,"No sized pre-maturity AMM sale, measured PT borrower or future redemption execution. Morpho-core PT balance spans multiple markets."
observed,Active PT lending comparison,Ethereum,26067145,2026-09-27T06:56:59Z,PT supply,15025657.590051558014335570,PT,18-decimal token supply,/p/usde/research/2026-09-27-collateral-value-and-repayment-cash/#obs-pt,"No sized pre-maturity AMM sale, measured PT borrower or future redemption execution. Morpho-core PT balance spans multiple markets."
observed,Active PT lending comparison,Ethereum,26067145,2026-09-27T06:56:59Z,Stored lending supply,7623586.366699,USDC accounting units,Stored market record; not independently accrued cash,/p/usde/research/2026-09-27-collateral-value-and-repayment-cash/#obs-pt,"No sized pre-maturity AMM sale, measured PT borrower or future redemption execution. Morpho-core PT balance spans multiple markets."
observed,Active PT lending comparison,Ethereum,26067145,2026-09-27T06:56:59Z,Stored lending borrowing,6884726.732199,USDC accounting units,Stored market record; not independently accrued cash,/p/usde/research/2026-09-27-collateral-value-and-repayment-cash/#obs-pt,"No sized pre-maturity AMM sale, measured PT borrower or future redemption execution. Morpho-core PT balance spans multiple markets."
observed,Active PT lending comparison,Ethereum,26067145,2026-09-27T06:56:59Z,Stored market last update,2026-09-25T20:03:47Z,UTC,Read date is September 27; economic update date remains September 25,/p/usde/research/2026-09-27-collateral-value-and-repayment-cash/#obs-pt,"No sized pre-maturity AMM sale, measured PT borrower or future redemption execution. Morpho-core PT balance spans multiple markets."
observed,PT accounting and output,Ethereum,26067155,2026-09-27T06:58:59Z,Accounting asset,USDe,token identity,SY assetInfo; not output token,/p/usde/research/2026-09-27-collateral-value-and-repayment-cash/#principal-token,USDe worth of sUSDe is not one full sUSDe share or USDC cash. Maturity does not repay the separate debt. No future fixed share quantity promised.
observed,PT accounting and output,Ethereum,26067155,2026-09-27T06:58:59Z,Listed redemption output,sUSDe,token identity,Sole SY getTokensOut entry; also yieldToken,/p/usde/research/2026-09-27-collateral-value-and-repayment-cash/#principal-token,USDe worth of sUSDe is not one full sUSDe share or USDC cash. Maturity does not repay the separate debt. No future fixed share quantity promised.
observed,PT accounting and output,Ethereum,26067155,2026-09-27T06:58:59Z,One-SY redemption preview,1,sUSDe,One SY unit preview; not a matured PT redemption,/p/usde/research/2026-09-27-collateral-value-and-repayment-cash/#principal-token,USDe worth of sUSDe is not one full sUSDe share or USDC cash. Maturity does not repay the separate debt. No future fixed share quantity promised.
observed,PT accounting and output,Ethereum,26067155,2026-09-27T06:58:59Z,SY exchange rate,1.250125487280376741,USDe per SY,Same-call staking conversion matches,/p/usde/research/2026-09-27-collateral-value-and-repayment-cash/#principal-token,USDe worth of sUSDe is not one full sUSDe share or USDC cash. Maturity does not repay the separate debt. No future fixed share quantity promised.
observed,PT accounting and output,Ethereum,26067155,2026-09-27T06:58:59Z,Stored PY index,1.250095862599128250,accounting index,Not a guarantee against future negative yield,/p/usde/research/2026-09-27-collateral-value-and-repayment-cash/#principal-token,USDe worth of sUSDe is not one full sUSDe share or USDC cash. Maturity does not repay the separate debt. No future fixed share quantity promised.
observed,PT accounting and output,Ethereum,26067155,2026-09-27T06:58:59Z,PT accepted oracle value,0.990184815449010655,USDC per PT,18/6 decimal normalization; not a sale quote,/p/usde/research/2026-09-27-collateral-value-and-repayment-cash/#principal-token,USDe worth of sUSDe is not one full sUSDe share or USDC cash. Maturity does not repay the separate debt. No future fixed share quantity promised.
